{
    "x": 7.944125652313232,
    "y": 1.8593404293060303,
    "z": 0.0
}