{
    "x": -0.8784367442131043,
    "y": 4.838387966156006,
    "z": 0.0
}